feature,count,mean,std,min,25%,50%,75%,max
mfcc1_mean,720.0,-304.92379462499997,42.14101290986504,-424.77286,-331.8147875,-302.0569,-281.008775,-142.4061
mfcc2_mean,720.0,77.260350575,14.095477477906591,31.800566,67.46058149999999,76.97282200000001,84.01957,142.56061
mfcc3_mean,720.0,8.459706462620833,16.67156489102805,-52.56721,-0.10505466,6.7941282,12.042073875,58.943188
mfcc4_mean,720.0,28.320671274583336,14.81690316033339,-3.1414542,17.00914,27.658499499999998,35.16771425,86.45051
mfcc5_mean,720.0,0.8677294253930554,13.578027110694563,-58.248272,-7.41755485,3.35083815,8.4633265,37.593525
mfcc6_mean,720.0,-4.817743651500001,13.108252469898405,-47.938114,-8.5368985,-1.4383107000000002,3.6881622000000003,16.318405
mfcc7_mean,720.0,-7.940179655758333,8.748926202765992,-36.055904,-15.401283,-8.169266499999999,-0.430975265,14.816235
mfcc8_mean,720.0,-13.343875443791669,12.77198641638642,-47.406548,-15.680678499999999,-9.4984775,-6.723066,12.154684
mfcc9_mean,720.0,-9.090550882465276,7.572484248237075,-31.81362,-14.9114825,-7.89129675,-3.251217225,6.4143505
mfcc10_mean,720.0,-7.4223109952430555,6.5265871393139765,-30.728025,-12.260143,-6.6326605,-1.668207575,6.8324413
mfcc11_mean,720.0,-7.029245650263889,6.825868203766003,-23.50276,-12.04230075,-5.7436308,-2.22963235,14.795714
mfcc12_mean,720.0,-6.525004469171389,5.3289445571826715,-26.891216,-10.038501,-5.5509617,-2.598477675,3.8799763
mfcc13_mean,720.0,-5.436219549415278,6.265641586014466,-22.458069,-9.173119250000001,-5.691910399999999,-1.62969555,10.061254
mfcc14_mean,720.0,-3.832889260979166,6.15267379257524,-20.213745,-8.48533075,-4.04829725,-0.2456915375,14.485778
mfcc15_mean,720.0,-7.1713367000694435,4.534956488096844,-20.109327,-10.065315499999999,-7.37767225,-3.7417769,9.93089
mfcc16_mean,720.0,-4.59060406468125,5.95517367802352,-20.053225,-9.69978975,-3.27490235,0.1853401875,11.215314
mfcc17_mean,720.0,-6.07922517186111,4.489109717110808,-18.765846,-8.868694249999999,-5.63890685,-3.38750545,14.370251
mfcc18_mean,720.0,-3.913075765470278,3.539370681042099,-12.674262,-6.5443883750000005,-4.592571700000001,-1.303154225,10.6990795
mfcc19_mean,720.0,-7.095576578808334,3.558771908393367,-16.427198,-9.561406250000001,-6.82323245,-5.1868153249999995,3.5589936
mfcc20_mean,720.0,-4.045312122338056,3.7573448822925086,-12.096177,-6.192120125000001,-3.9488128500000004,-2.034345175,8.222016
mfcc1_std,720.0,135.9588459652778,26.404165132773546,79.50758,115.5078295,136.726295,153.5011475,197.34908
mfcc2_std,720.0,55.99837190555555,4.761906099291352,42.88539,52.457631250000006,55.698325999999994,59.53256025,69.08475
mfcc3_std,720.0,32.662101656944444,4.346713950637342,20.932177,29.7079545,32.675107999999994,35.630116,45.606003
mfcc4_std,720.0,29.378177376388884,3.574814801590038,21.495173,26.49667275,29.0562555,32.001525,41.4866
mfcc5_std,720.0,19.80681770138889,2.636457829395365,12.714111,18.27085275,19.82838,21.34211975,36.45239
mfcc6_std,720.0,16.412166598611112,2.670192568349556,11.175507,14.399284,16.038459500000002,17.7656405,25.471767
mfcc7_std,720.0,15.369496802777778,2.242522408491429,10.326495,13.85624275,15.6381765,17.08526025,21.635216
mfcc8_std,720.0,15.148459674305556,2.49957168704502,10.552926,13.310389375,14.7853125,16.620390750000002,29.274487
mfcc9_std,720.0,13.464025270833332,1.8601388320412289,8.077919,12.28312825,13.441831,14.549985,18.706528
mfcc10_std,720.0,12.366265072916667,2.110430093213979,9.081696,10.54417475,11.670771,14.0342865,18.541166
mfcc11_std,720.0,10.786009069305555,1.576747868640322,7.5040193,9.69180475,10.556234,11.85004625,15.964595
mfcc12_std,720.0,10.190511779583332,1.470854005795212,6.614518,9.256712,10.2034805,11.181365750000001,15.598475
mfcc13_std,720.0,9.35196072263889,1.569208032560045,6.6431394,8.470544499999999,8.9954815,9.8021985,17.886047
mfcc14_std,720.0,9.038933795833335,1.259680198970632,5.4464498,8.461200999999999,9.078391,9.835593750000001,12.615737
mfcc15_std,720.0,8.739042125277779,1.5066411624946694,5.4392724,7.7053667500000005,8.640276,9.495193,14.874762
mfcc16_std,720.0,7.939568783888888,1.0388135640923737,5.2211533,7.121505875,7.95117115,8.651352500000002,11.208667
mfcc17_std,720.0,8.154968235138888,1.2619576890033974,5.6887255,7.224813225,7.88169985,8.91433725,13.054751
mfcc18_std,720.0,7.604215716805556,1.0392731382368134,5.181816,6.814761325,7.389562,8.37861075,10.621414
mfcc19_std,720.0,7.968018625972222,1.3304968115742581,5.331214,7.0014731,7.890987,8.77396575,13.588456
mfcc20_std,720.0,7.4912148315277785,1.4983245373207768,4.586864,6.437615,7.1794795,8.48320475,12.178904
mfcc_d1_1_mean,720.0,-0.0009711056469845203,0.09093132078982052,-0.2951177,-0.027646074,0.00010607497500000001,0.036495867,0.4402566
mfcc_d1_2_mean,720.0,0.0023672238523032092,0.03389573791699202,-0.12008863,-0.011379404249999999,0.00056335108,0.0171495455,0.16066083
mfcc_d1_3_mean,720.0,0.0009092296776656064,0.019544900538776576,-0.09460042,-0.0066755151,1.5017069e-08,0.0098592,0.081839114
mfcc_d1_4_mean,720.0,0.0003004633456353307,0.01685374849628214,-0.069795355,-0.00679937,0.000447226995,0.00912699225,0.068486735
mfcc_d1_5_mean,720.0,0.0010360452066909913,0.011118347044620249,-0.04197903,-0.004972224725,0.000562528525,0.006386948475,0.047205623
mfcc_d1_6_mean,720.0,0.0012090709716339864,0.008998854825137381,-0.03099124,-0.002995985475,0.00048292895,0.005459892625000001,0.034999043
mfcc_d1_7_mean,720.0,0.000578519819609261,0.008673114516258828,-0.0357152,-0.0034490544,0.000135184815,0.00481549135,0.039311256
mfcc_d1_8_mean,720.0,-7.983535134750007e-05,0.008824310533176697,-0.038083006,-0.004119461125,-4.941318e-10,0.0040863714,0.028551448
mfcc_d1_9_mean,720.0,0.00045118390408815587,0.007890334924663166,-0.03926907,-0.003420117925,2.2540349500000003e-09,0.0040279577250000006,0.029716069
mfcc_d1_10_mean,720.0,0.0005411213030267284,0.00735572271304464,-0.028051496,-0.003181140825,6.03086515e-05,0.00412876775,0.040167257
mfcc_d1_11_mean,720.0,0.00022105358128919454,0.006758738713303015,-0.024779128,-0.003077719875,-6.83110315e-10,0.003645811475,0.025588553
mfcc_d1_12_mean,720.0,-0.00013223599663651797,0.00607078247788458,-0.026494706,-0.00272427565,1.70129195e-09,0.00300161865,0.022741932
mfcc_d1_13_mean,720.0,-0.00010729708270850396,0.0056993803577827145,-0.02647207,-0.002896482925,2.61423885e-10,0.0025882273,0.020654414
mfcc_d1_14_mean,720.0,-0.00021282277920849597,0.005384907710193995,-0.017162362,-0.0031894287,1.186615155e-09,0.00232582635,0.021223053
mfcc_d1_15_mean,720.0,-0.0001959913731275035,0.005346470181601967,-0.025324026,-0.003142454525,-2.76734865e-06,0.0025568315500000003,0.02103826
mfcc_d1_16_mean,720.0,-0.00012429879915208788,0.0049408543017158135,-0.019709112,-0.0022866302,2.96119e-05,0.002230103325,0.02095484
mfcc_d1_17_mean,720.0,3.168872399500155e-05,0.004780494815250055,-0.017273815,-0.002322115425,-7.3256457e-10,0.00218293615,0.017071217
mfcc_d1_18_mean,720.0,-0.0002523918214203477,0.004677730936512328,-0.021804936,-0.0024009611,-7.067067550000001e-10,0.0020001020999999997,0.015380739
mfcc_d1_19_mean,720.0,-0.00023229245428537797,0.004618935663881224,-0.025383383,-0.002474816375,1.09266075e-10,0.00204968895,0.0177086
mfcc_d1_20_mean,720.0,-0.00017694615687231002,0.0041407118209606025,-0.02040172,-0.00216378865,-5.17515705e-06,0.0018876539250000002,0.018149955
mfcc_d1_1_std,720.0,19.87434445,2.8262108803540884,13.183138,17.778183,19.668077500000003,22.16745375,26.634352
mfcc_d1_2_std,720.0,10.525509249027778,0.9660309600165674,7.3301473,9.854712875,10.581804,11.22955,12.960053
mfcc_d1_3_std,720.0,6.3183452905555555,0.9775771545375264,3.915971,5.692966725,6.2820205,7.003625550000001,9.115789
mfcc_d1_4_std,720.0,5.564058478194444,0.7901675658721878,3.8299134,4.9809320249999995,5.43771025,6.164986375,8.160104
mfcc_d1_5_std,720.0,3.721100179444444,0.5275687844609948,2.3110359,3.420649375,3.7289424999999996,4.0396284,6.0711417
mfcc_d1_6_std,720.0,3.016943228472222,0.44475940953939036,1.927982,2.68616705,2.9994327,3.2444588750000003,4.667976
mfcc_d1_7_std,720.0,2.7978922659722225,0.43651954361039214,1.8808615,2.4546134000000004,2.78362425,3.127156825,4.172525
mfcc_d1_8_std,720.0,2.6961692172222222,0.4295136982067665,1.8792655,2.373942125,2.6478785,2.989772825,4.6111197
mfcc_d1_9_std,720.0,2.4262033794444444,0.358073083176928,1.4084759,2.177597275,2.4107481,2.65243185,3.5007577
mfcc_d1_10_std,720.0,2.251334716944444,0.3933193103309297,1.5661676,1.9390361999999999,2.12957705,2.528595325,3.3421435
mfcc_d1_11_std,720.0,1.9554850051388888,0.3053349328163226,1.3428432,1.74726695,1.9202922,2.1122871500000002,3.0758061
mfcc_d1_12_std,720.0,1.8495895820833335,0.26156403052257243,1.2310971,1.677976175,1.86774665,2.0438962,2.5523698
mfcc_d1_13_std,720.0,1.6745715670833334,0.245197246331493,1.1965758,1.5301161749999999,1.64751515,1.74625095,2.955284
mfcc_d1_14_std,720.0,1.6427997006944446,0.22733965356082927,0.9792231,1.54881965,1.6656461,1.7777675499999999,2.3134396
mfcc_d1_15_std,720.0,1.5542222660694442,0.2651215880280442,0.9355764,1.3803976,1.51538015,1.7392447,2.6234062
mfcc_d1_16_std,720.0,1.4330611821666666,0.18768706158226311,0.9542044,1.292471275,1.4228291,1.559718525,1.9941181
mfcc_d1_17_std,720.0,1.4212442809166668,0.2000232040148638,0.9210356,1.28794375,1.3911935500000001,1.522210275,2.2044082
mfcc_d1_18_std,720.0,1.3486629933055556,0.1920600967766895,0.9280431,1.209201075,1.31745,1.4832152,1.8913954
mfcc_d1_19_std,720.0,1.3877600043194442,0.24314532406333106,0.880553,1.235816025,1.36813005,1.5185347500000002,2.2627926
mfcc_d1_20_std,720.0,1.328530645236111,0.2742053239470504,0.788055,1.1400220749999999,1.2898622,1.497631325,2.1406498
mfcc_d2_1_mean,720.0,-0.0071710288886939495,0.04023827720342615,-0.14859064,-0.020944058499999998,-0.00019621247,0.011618214750000001,0.16130412
mfcc_d2_2_mean,720.0,-0.0017377273016789116,0.0165936067942852,-0.060347375,-0.009851215,-4.1848415e-05,0.005760757275,0.063458495
mfcc_d2_3_mean,720.0,0.000265843584825124,0.009734140835435204,-0.047261823,-0.0046776718,-0.00019268913,0.0044200064500000006,0.036740534
mfcc_d2_4_mean,720.0,-0.0008575124763075408,0.008573695796647606,-0.03765349,-0.004109620600000001,-0.00015727729000000003,0.0032524241,0.03476769
mfcc_d2_5_mean,720.0,2.396407213695344e-05,0.0059710211135334266,-0.026693001,-0.0026549233750000002,-5.7209485e-05,0.0024415837500000002,0.029170517
mfcc_d2_6_mean,720.0,0.00042160931708412527,0.004928964638332539,-0.014006763,-0.0018880212750000001,1.6982759e-05,0.0024665888,0.02672259
mfcc_d2_7_mean,720.0,0.0004607587925794476,0.0043893955372880464,-0.012049711,-0.002054815525,7.791431999999999e-09,0.0024828179499999997,0.023276359
mfcc_d2_8_mean,720.0,0.00050915363855482,0.0049973895734167295,-0.015239487,-0.001914452525,-1.4728651e-05,0.00222162455,0.030310662
mfcc_d2_9_mean,720.0,0.00023732655720285563,0.004096805594079352,-0.018908676,-0.001792282825,-1.8227264589e-06,0.00202692145,0.01957251
mfcc_d2_10_mean,720.0,0.00040880823612768764,0.004011086497536471,-0.012141627,-0.001707488675,3.2102722e-05,0.002124964975,0.020208824
mfcc_d2_11_mean,720.0,0.00028631014450043567,0.0036469819872723282,-0.016500188,-0.0017035333,4.5679015e-05,0.0019262968,0.018697439
mfcc_d2_12_mean,720.0,0.0003152720808774707,0.003200190060801416,-0.013683497,-0.001179581575,0.000104323778,0.001890416325,0.014791769
mfcc_d2_13_mean,720.0,0.0003948858460408868,0.0030700158674846797,-0.010638179,-0.00120698365,0.00017808218000000002,0.0018612279,0.013586845
mfcc_d2_14_mean,720.0,4.85916577852362e-05,0.0027955285490879494,-0.008843084,-0.0013436442250000001,-1.95865070625e-06,0.0013869746750000001,0.011678141
mfcc_d2_15_mean,720.0,0.00026216099180054647,0.0028822041667157018,-0.009135443,-0.001264016375,5.907981599999999e-10,0.001532447125,0.014561321
mfcc_d2_16_mean,720.0,0.00040796185018296654,0.002490993555208216,-0.007914722,-0.000841476175,0.00022905362000000002,0.001615164025,0.011420938
mfcc_d2_17_mean,720.0,0.00016665412889687957,0.0025739889797733104,-0.0121221645,-0.001205760525,9.0619644e-05,0.001527920975,0.012489275
mfcc_d2_18_mean,720.0,0.0002649013462451231,0.0023858559166425944,-0.007367384,-0.000944683675,3.3469272e-09,0.001600389075,0.010077226
mfcc_d2_19_mean,720.0,0.0003469558526846447,0.0024987873254270934,-0.010817609,-0.00090914364,0.00011984787499999999,0.001673379225,0.0096793715
mfcc_d2_20_mean,720.0,0.00013270551416368813,0.0024973567874884994,-0.020811334,-0.0010465735499999998,6.76480075e-05,0.001300603575,0.009573261
mfcc_d2_1_std,720.0,10.908284768472223,1.5135084131830612,7.5539556,9.78377875,10.671102000000001,12.09238625,14.807758
mfcc_d2_2_std,720.0,6.760834669305556,0.683745419275,4.695715,6.314032725000001,6.77211715,7.198510475,8.687932
mfcc_d2_3_std,720.0,4.0965486561111115,0.6562525125843526,2.4972312,3.6069724499999998,4.07672315,4.49045725,5.81352
mfcc_d2_4_std,720.0,3.4181755106944447,0.5004846419576022,2.4082942,3.04654955,3.3168653,3.800094275,4.8947315
mfcc_d2_5_std,720.0,2.4852420925,0.4116057821012237,1.6014158,2.2316725,2.4398741,2.6921865499999997,3.7139895
mfcc_d2_6_std,720.0,1.9602782384722224,0.24000151549277354,1.3049358,1.7865279,1.9540913500000001,2.1068105249999998,2.973817
mfcc_d2_7_std,720.0,1.8061822916666668,0.2433256174910513,1.1908,1.6414612499999999,1.7928017,1.987932775,2.4417157
mfcc_d2_8_std,720.0,1.7529818294444444,0.2597002638497793,1.2404374,1.553138625,1.7082556,1.9523272,2.7468982
mfcc_d2_9_std,720.0,1.566430985972222,0.2073138071801765,1.0117328,1.419695,1.54396925,1.70283925,2.2732644
mfcc_d2_10_std,720.0,1.456256027638889,0.19108365568375846,1.0844285,1.312726425,1.4273166000000002,1.57753215,2.0532916
mfcc_d2_11_std,720.0,1.3063359366527778,0.1807441834590064,0.90342444,1.18661205,1.28192655,1.4024545000000002,1.9521492
mfcc_d2_12_std,720.0,1.255617097138889,0.14688432468370444,0.8574238,1.168931725,1.26248805,1.3607636,1.6642313
mfcc_d2_13_std,720.0,1.1187836846249999,0.12485503274757807,0.7756196,1.050981125,1.1100851999999999,1.167387875,1.7726998
mfcc_d2_14_std,720.0,1.109564613138889,0.14926404120326822,0.69218796,1.03409975,1.1232301,1.2021342000000002,1.5418258
mfcc_d2_15_std,720.0,1.043066506986111,0.15393898005480536,0.657571,0.9450287825,1.02827855,1.150813125,1.5597981
mfcc_d2_16_std,720.0,0.9659287269722221,0.11284131153070752,0.65043145,0.8846677000000001,0.964640425,1.0341637000000001,1.3818054
mfcc_d2_17_std,720.0,0.9420390498611111,0.11630721803240761,0.62864476,0.86327539,0.933166925,1.0071799000000001,1.3431801
mfcc_d2_18_std,720.0,0.9165338045833332,0.12063789638135439,0.6226985,0.8325075875,0.89959178,0.9939612950000001,1.2744017
mfcc_d2_19_std,720.0,0.9219331765833333,0.1419136869747689,0.5827413,0.8404591,0.918624,1.011707075,1.3821759
mfcc_d2_20_std,720.0,0.8916029170972223,0.16434661894096594,0.54114753,0.7800094625,0.868090305,0.9998103199999999,1.3925562
zcr_mean,720.0,0.1198476835222222,0.02871478148383009,0.016153157,0.1029029725,0.1165279125,0.1374891575,0.22279662
zcr_std,720.0,0.1161599777611111,0.030347817652584198,0.011276964,0.09718605875,0.1143042425,0.1326135775,0.21204333
centroid_mean,720.0,1684.2488248333334,286.7225490602605,717.10114,1507.612575,1664.40785,1848.80125,2480.3223
centroid_std,720.0,1082.0196681944444,249.22221889313153,450.6682,938.755735,1057.0418,1190.811075,1848.3384
rolloff_mean,720.0,3234.926240138889,526.5787576400726,1322.4,2912.9521250000003,3187.8785,3551.566825,4547.111
rolloff_std,720.0,1811.738180875,338.01664382563814,927.8313,1638.3735,1806.0616,1949.711475,2697.2002
bandwidth_mean,720.0,1626.1417739583335,177.09072347325747,974.13074,1490.355075,1659.3820500000002,1757.868175,1955.8712
bandwidth_std,720.0,503.5726809861111,95.34724140875998,285.59525,432.12861999999996,486.081785,585.1734875,728.2931
flatness_mean,720.0,0.048839549283125006,0.03817674857836495,0.00026917615,0.018055328750000002,0.0345313185,0.07534464375,0.22045213
flatness_std,720.0,0.11074017353522222,0.08618135556797413,0.000494292,0.045547444500000006,0.075228882,0.163025465,0.40060714
rms_mean,720.0,0.06378906238194444,0.03320210330353205,0.014098779,0.0491568105,0.061821656,0.07069843449999999,0.2736693
rms_std,720.0,0.04667161009708334,0.020313898293773714,0.0048293686,0.03317677925,0.0456411805,0.05637174625,0.14806634
duration_sec,720.0,63.18570859375,55.21679345683108,39.0008125,58.0,60.684687499999995,63.907328125,1534.2498125
